model,accuracy,precision,recall,f1,roc_auc,FAR,DR
TemporalGNN_Upgraded_Rank1,0.9390635022450289,0.8992395437262357,0.7754098360655738,0.8327464788732394,0.9799788218683818,0.021132376395534284,0.7754098360655725
StackedMetaLR,0.9387427838357921,0.8975332068311196,0.7754098360655738,0.832014072119613,0.9799788218683818,0.02153110047846889,0.7754098360655725
