,count,mean,std,min,25%,50%,75%,max
Flow Duration,1559907.0,16549289.0450732,34963914.51131485,-12.0,163.0,56725.0,5501628.5,119999993.0
Total Fwd Packets,1559907.0,12.496280670166016,1000.9168090820312,1.0,2.0,2.0,6.0,219759.0
Total Backward Packets,1559907.0,14.389175415039062,1331.87744140625,0.0,1.0,2.0,5.0,291922.0
Total Length of Fwd Packets,1559907.0,655.6160888671875,12860.5908203125,0.0,12.0,56.0,338.0,12900000.0
Total Length of Bwd Packets,1559907.0,24704.254637616217,3018366.926527251,0.0,6.0,117.0,1779.0,655453030.0
Flow Bytes/s,1559907.0,1602085.5900579004,27158208.92228753,-261000000.0,115.5170418,4098.36911,136061.8393,2071000000.0
Flow Packets/s,1559907.0,71060.88212790707,257332.53193498333,-2000000.0,1.73813613435,67.8047432,21739.13043,4000000.0
