{
  "model": "TemporalGNN_Upgraded_Rank1",
  "threshold": 0.9,
  "test_metrics": {
    "accuracy": 0.9522129570237332,
    "precision": 0.9079646017699115,
    "recall": 0.840983606557377,
    "f1": 0.8731914893617021,
    "roc_auc": 0.9836902240698616,
    "FAR": 0.020733652312599674,
    "DR": 0.8409836065573756,
    "tn": 2456,
    "fp": 52,
    "fn": 97,
    "tp": 513
  }
}