{
  "threshold": 0.5100000000000001,
  "threshold_strategy": "constrained_f1(FAR<=0.30)",
  "threshold_far_target": 0.3,
  "train": {
    "accuracy": 0.9025742574257426,
    "precision": 0.8521695257315842,
    "recall": 0.7914714151827554,
    "f1": 0.8206997084548106,
    "roc_auc": 0.9550340389975311,
    "FAR": 0.05385039514795074,
    "DR": 0.7914714151827551,
    "tn": 5148,
    "fp": 293,
    "fn": 445,
    "tp": 1689
  },
  "val": {
    "accuracy": 0.9460215913634547,
    "precision": 0.8102836879432624,
    "recall": 0.9422680412371134,
    "f1": 0.871306005719733,
    "roc_auc": 0.9690844378988709,
    "FAR": 0.0530753968253968,
    "DR": 0.9422680412371114,
    "tn": 1909,
    "fp": 107,
    "fn": 28,
    "tp": 457
  },
  "test": {
    "accuracy": 0.9810776138550352,
    "precision": 0.9436392914653784,
    "recall": 0.9606557377049181,
    "f1": 0.9520714865962632,
    "roc_auc": 0.9884873323397914,
    "FAR": 0.013955342902711318,
    "DR": 0.9606557377049164,
    "tn": 2473,
    "fp": 35,
    "fn": 24,
    "tp": 586
  }
}