{
  "model": "TemporalGNN_Upgraded_Rank1",
  "threshold": 0.66,
  "test_metrics": {
    "accuracy": 0.9390635022450289,
    "precision": 0.8992395437262357,
    "recall": 0.7754098360655738,
    "f1": 0.8327464788732394,
    "roc_auc": 0.9799788218683818,
    "FAR": 0.021132376395534284,
    "DR": 0.7754098360655725,
    "tn": 2455,
    "fp": 53,
    "fn": 137,
    "tp": 473
  }
}