{
  "threshold": 0.5100000000000001,
  "threshold_strategy": "constrained_f1(FAR<=0.30)",
  "threshold_far_target": 0.3,
  "train": {
    "accuracy": 0.6308910891089109,
    "precision": 0.35781786941580757,
    "recall": 0.39034676663542645,
    "f1": 0.3733751680860601,
    "roc_auc": 0.6515347304913732,
    "FAR": 0.27476566807572134,
    "DR": 0.3903467666354263,
    "tn": 3946,
    "fp": 1495,
    "fn": 1301,
    "tp": 833
  },
  "val": {
    "accuracy": 0.7113154738104758,
    "precision": 0.3249630723781389,
    "recall": 0.4536082474226804,
    "f1": 0.37865748709122204,
    "roc_auc": 0.7647352110947472,
    "FAR": 0.22668650793650783,
    "DR": 0.45360824742267947,
    "tn": 1559,
    "fp": 457,
    "fn": 265,
    "tp": 220
  },
  "test": {
    "accuracy": 0.721616420782553,
    "precision": 0.33203125,
    "recall": 0.4180327868852459,
    "f1": 0.37010159651669083,
    "roc_auc": 0.8024465971187283,
    "FAR": 0.20454545454545447,
    "DR": 0.4180327868852452,
    "tn": 1995,
    "fp": 513,
    "fn": 355,
    "tp": 255
  }
}